Mutti Whole Peeled Tomatoes - 800g,72
Ken's It. Gr & A Cheese Dressing - 267ml,69.99
Sacla Kalamata Olives - 200g,78.75
Sacla Pitted Black Olv. in Brine - 330g,58.25
Sacla Char Gr. Aubergine Pesto - 190g,93.99
Heinz Hot Chili Sauce - 195g,16.45
Yamama Grenadine Molasses - 300ml,47
Tabasco Pepper Sauce - 59ml,47.25
American Garden Pizza Sauce - 397g,49.5
American Garden Pasta Sauce - 397g,49.25
American Garden Mush Pasta Sauce - 397g,49.25
American Garden Barbecue Sauce - 510g,75.25
Mutti Whole Peeled Tomatoes - 800g,72
Ken's It. Gr & A Cheese Dressing - 267ml,69.99
Sacla Kalamata Olives - 200g,78.75
Sacla Pitted Black Olv. in Brine - 330g,58.25
Sacla Char Gr. Aubergine Pesto - 190g,93.99
Heinz Hot Chili Sauce - 195g,16.45
Yamama Grenadine Molasses - 300ml,47
Tabasco Pepper Sauce - 59ml,47.25
American Garden Pizza Sauce - 397g,49.5
American Garden Pasta Sauce - 397g,49.25
American Garden Mush Pasta Sauce - 397g,49.25
American Garden Barbecue Sauce - 510g,75.25
Fritos Mild Cheddar Dip - 255.1g,112.25
Sacla Pesto Sugo Con Mozz.190g,96.75
American Gard.Hot Sauce 88M,13.5
American Garden Hab & Ta P. Sauce - 58ml,23.75
American Garden Steak Sauce - 284g,46.75
American Garden Honey BBQ Sauce - 510g,75.25
American Garden Hickory BBQ Sauce - 510g,75.25
Rana Jalapeno Hot Sauce 88M,25.75
Rana Hot Sauce - 88ml,10.75
Maggi Yhncoc (Unisos) Sauce - 160ml,52.99
Rana Hot Sauce - 176ml,16.5
Heinz BBQ Sauce - 200g,18.25
Ragu Homemade Style Pizza Sauce - 396g,57.75
Yamama Grenadine Molasses - 750ml,91.25
Moms Food Tom Pasta Sauce w/ Mus - 375g,28
Moms Food Tr. Tomato Pasta Sauce - 375g,23.75
Moms Food Hum. Dip w/ Gr. Olives - 320g,31
Moms Food Hummus Dip - 320g,31
Moms Food H. Dip w/ R. C. Pepper - 320g,31
Moms Food Tom Pasta Sauce w/ G.O - 375g,23.75
Moms Food Med Sp Tom Pasta Sauce - 375g,23.75
Moms Food Baba Ghanoug - 320g,29.25
Sacla No.2 Sun Dried Tomato Pesto - 190g,88.5
Ragu Mushroom Pasta Sauce - 677g,102
American Garden Hot Sauce - 354ml,39.75
Old El Paso Red Enchilada Sauce - 283g,63
Old El Paso Hot Enchilada Sauce - 283g,58
Monarch Worcestershire Sauce - 295ml,42.75
Kraft Original Barbecue Sauce - 510g,97
Herrs Medium Chunky Salsa - 454g,129.75
Herrs Chunky Salsa Hot 454G,129.75
Heinz Chili Sauce - 300g,23.5
Heinz BBQ Sauce - 300g,25.95
Heinz Chili Garlic Sauce - 300g,23.99
Cortas Pomegranate Molasses - 300ml,44.75
Hunts Hick. & Br. Sug. BBQ Sauce - 510g,82.5
